,Precision,Recall,F1,ROC-AUC
Naive Bayes,0.9984251968503937,0.8326353467561521,0.9079367022127496,0.9896722189379977
Logistic Regression,0.9888680960690654,0.7067740492170023,0.8241269065443653,0.9911162175006665
Linear SVM,0.9824731658523449,0.8969038031319911,0.937664578731415,0.9922421532148693
Hard Voting,0.9937007874015749,0.8487069351230426,0.915462375573779,
Soft Voting,0.9864992241721833,0.8861744966442954,0.9335262459218014,0.9926007580762946
Stacking,0.9733346379200667,0.9236778523489934,0.9477496224300935,0.9923756998296067
AdaBoost (Stumps),0.9545034461699384,0.4217539149888143,0.5847260226164428,0.9267432254175795
